Library Name,Category,Mobile Responsive,Mobile Support Details,Responsive Implementation,Notes
@coreui/coreui,UI Component Library,Yes,"Mobile-first design with breakpoints (xs, sm, md, lg, xl, xxl). Full responsive grid system.","Breakpoints: xs(<576px), sm(≥576px), md(≥768px), lg(≥992px), xl(≥1200px), xxl(≥1400px)",Part of CoreUI admin template. Professional and battle-tested.
@coreui/react,UI Component Library,Yes,"Built specifically for React with mobile-first approach. Responsive layout API for mobile, web, and webapp.","Layout API automatically adjusts. Use Container, Row, Col with responsive props.","Customizable for mobile, web, and webapp. Layout API allows per-device customization."
@coreui/react-chartjs,Chart Library,Yes,Works with CoreUI responsive components. Charts adapt to container size.,Wrap charts in responsive containers.,Integrates with CoreUI components for full responsiveness.
antd (Ant Design),UI Component Library,Yes,"Fully responsive with Grid layout system. Supports breakpoint-specific configurations (xs, sm, md, lg, xl, xxl). Works on all devices.","Grid with col spans: xs, sm, md, lg, xl. Form layouts with responsive labelCol and wrapperCol.",Battle-tested. Mobile version available separately (ant-design-mobile) for enhanced mobile UX.
react-bootstrap,UI Component Library,Yes,Mobile-first design. Grid system with breakpoints. Responsive tables and components.,"Grid: xs(12 cols full), sm(6 cols half), md(4 cols third). Use responsive prop on tables.",Widely used. Easy integration with React. Mobile-first approach inherited from Bootstrap.
bootstrap,CSS Framework,Yes,Mobile-first CSS framework. Responsive grid system and utilities.,Grid system with 12 columns. Responsive utilities and classes.,Most popular CSS framework. Extensive documentation.
reactstrap,UI Component Library,Yes,"Based on Bootstrap 4. Responsive grid system (Container, Row, Col) with breakpoints.","Container, Row, Col with breakpoints: xs, sm, md, lg. Responsive utilities from Bootstrap.",React implementation of Bootstrap 4. Easy to use with React components.
@emotion/styled,CSS-in-JS Library,Yes (with custom code),Requires custom media queries for responsive design. Supports responsive syntax with custom utilities.,Use @media queries or custom responsive utility functions. Create breakpoint-based styled components.,Part of Emotion CSS-in-JS library. Flexible but requires more manual work for responsiveness.
styled-components,CSS-in-JS Library,Yes (with custom code),Requires custom media queries for responsive design. Supports responsive props with custom implementation.,Use @media queries in styled components. Create responsive props or use helper libraries.,Popular CSS-in-JS solution. Requires custom responsive implementation.
font-awesome,Icon Library,Yes,Scalable vector icons work on all screen sizes.,Icon sizes adapt automatically.,Widely used icon library. Version 4 and 5 available.
@fortawesome/fontawesome-free,Icon Library,Yes,SVG icons scale perfectly on all devices.,SVG icons scale automatically.,Official FontAwesome React package.
recharts,Chart Library,Yes (with ResponsiveContainer),Responsive via ResponsiveContainer component. Requires proper parent container dimensions. May need custom height adjustments for mobile.,"<ResponsiveContainer width=""100%"" height={...}>. May need useEffect for dynamic height on mobile.",Part of charting suite. Parent container must have defined dimensions for mobile.
react-apexcharts,Chart Library,Yes,"Built-in responsive design. Scales gracefully across desktops, tablets, and mobiles. Responsive configuration options available.",Built-in responsive options. Can configure different settings per breakpoint.,Modern chart library with great UX. Animations work well on mobile.
apexcharts,Chart Library,Yes,Responsive with configurable breakpoints. Can set different options for different screen sizes.,"responsive: [{ breakpoint: 1000, options: {...} }]",Powerful chart library. Extensive options for responsive charts.
gantt-task-react,Gantt Chart Library,Limited,Basic responsive support but may need custom styling for optimal mobile experience.,Custom CSS media queries recommended.,Specialized for Gantt charts. Limited mobile optimization.
react-datepicker,Date Picker,Yes (with responsive option),Supports responsive behavior with touchUi option and responsive configuration. Mobile and desktop optimized rendering.,"responsive option with breakpoints (xsmall, small, medium, large, xlarge). touchUi prop for mobile rendering.",Popular date picker. Mobile and desktop modes available. Can be customized per device.
react-select,Select/Dropdown,Limited (issues on mobile),Works on mobile but has interaction issues. Dropdown indicator may not respond well on mobile without custom CSS fixes.,Add pointer-events: none to custom components. Use mobile-specific styling.,Widely used select component. Has known mobile interaction issues that need workarounds.
react-table,Table Library,Yes (with custom implementation),Not responsive by default. Requires custom implementation (horizontal scroll or layout changes) for mobile.,Wrap in scrollable container OR alter layout with @media queries and flexbox.,Headless table library. Developer must implement responsive design.
react-animate-height,Animation Library,Yes,Height animations work across all devices.,Works without additional configuration.,Simple height animation component. Works universally.
react-dnd,Drag & Drop Library,Limited (requires TouchBackend for mobile),HTML5Backend does not work on mobile. Requires react-dnd-touch-backend for touch devices. Item visibility issues on mobile.,"Use TouchBackend for mobile: import { TouchBackend } from ""react-dnd-touch-backend"". Detect mobile and switch backend.",Flexible drag-and-drop. Mobile requires additional setup and has limitations.
react-dnd-html5-backend,Drag & Drop Backend,Desktop only,Only works with desktop/mouse. Not designed for touch devices.,N/A - Use TouchBackend instead.,Desktop-focused backend for react-dnd.
react-draggable,Draggable Library,Yes,Supports touch events and works on mobile devices.,Touch events handled automatically.,Simple draggable elements. Works well on touch devices.
simplebar-react,Scrollbar Library,Yes,Cross-browser and cross-platform compatible including mobile.,Works automatically.,Custom scrollbar. Cross-platform compatible.
simplebar,Scrollbar Library,Yes,Works across all platforms including mobile.,Works automatically.,Minimal scrollbar library. Works everywhere.
uikit,UI Framework,Yes,Responsive framework with mobile-first approach.,Responsive grid and components included.,Comprehensive UI framework. Mobile-responsive.
@mui/material (Material-UI),UI Component Library,Yes,"Mobile-first component library. Grid system with breakpoints (xs, sm, md, lg, xl). Fully responsive.","Grid with xs, sm, md, lg, xl props. useMediaQuery hook for custom responsive logic.",One of the most popular React UI libraries. Excellent responsive support out of the box.
downshift,Select/Autocomplete,Yes,Works on mobile but optimal on desktop. Touch support available.,Handles mobile touch events.,Accessible select/autocomplete. Works on mobile.
